CompanyMaster_FK_ID,CertificationType,Number,Issuer,ValidFrom,ValidTo,Status
4357,,,,,,
13404,,,,,,
1571,,,,,,
7111,,,,,,
699,,,,,,
21,,,,,,
23,,,,,,
25,,,,,,
29,,,,,,
31,,,,,,
32,,,,,,
33,,,,,,
36,,,,,,
37,,,,,,
47,,,,,,
106,,,,,,
124,,,,,,
144,,,,,,
434,,,,,,
441,,,,,,
448,,,,,,
526,,,,,,
529,,,,,,
548,,,,,,
551,,,,,,
598,,,,,,
690,,,,,,
703,,,,,,
903,,,,,,
908,,,,,,
912,,,,,,
922,,,,,,
928,,,,,,
939,,,,,,
940,,,,,,
942,,,,,,
944,,,,,,
947,,,,,,
949,,,,,,
959,,,,,,
963,,,,,,
967,,,,,,
971,,,,,,
972,,,,,,
975,,,,,,
978,,,,,,
982,,,,,,
985,,,,,,
990,,,,,,
993,,,,,,
999,,,,,,
1000,,,,,,
1001,,,,,,
1002,,,,,,
1003,,,,,,
1006,,,,,,
1009,,,,,,
1021,,,,,,
1037,,,,,,
1038,,,,,,
1042,,,,,,
1045,,,,,,
1057,,,,,,
1064,,,,,,
1066,,,,,,
1085,,,,,,
1089,,,,,,
1090,,,,,,
1091,,,,,,
1096,,,,,,
1113,,,,,,
1114,,,,,,
1117,,,,,,
1120,,,,,,
1123,,,,,,
1136,,,,,,
1150,,,,,,
1162,,,,,,
1165,,,,,,
1403,,,,,,
1482,,,,,,
1535,,,,,,
1537,,,,,,
1716,,,,,,
1739,,,,,,
1767,,,,,,
1815,,,,,,
1818,,,,,,
1822,,,,,,
1825,,,,,,
1847,,,,,,
1862,,,,,,
1869,,,,,,
1911,,,,,,
1915,,,,,,
1934,,,,,,
1976,,,,,,
1980,,,,,,
2368,,,,,,
2432,,,,,,
2468,,,,,,
2566,,,,,,
2907,,,,,,
3063,,,,,,
3123,,,,,,
3486,,,,,,
3681,,,,,,
3767,,,,,,
4428,,,,,,
4752,,,,,,
4958,,,,,,
5410,,,,,,
5607,,,,,,
5632,,,,,,
5847,,,,,,
5885,,,,,,
5922,,,,,,
6303,,,,,,
6415,,,,,,
6432,,,,,,
6533,,,,,,
6556,,,,,,
6772,,,,,,
6815,,,,,,
6869,,,,,,
6929,,,,,,
7192,,,,,,
7208,,,,,,
7759,,,,,,
8341,,,,,,
8387,,,,,,
8395,,,,,,
8662,,,,,,
8739,,,,,,
8792,,,,,,
8800,,,,,,
8862,,,,,,
8987,,,,,,
9339,,,,,,
9678,,,,,,
9781,,,,,,
9926,,,,,,
10298,,,,,,
10384,,,,,,
10549,,,,,,
10561,,,,,,
13397,,,,,,
11,,,,,,
19,,,,,,
22,,,,,,
35,,,,,,
56,,,,,,
61,,,,,,
62,,,,,,
68,,,,,,
120,,,,,,
125,,,,,,
132,,,,,,
141,,,,,,
145,,,,,,
147,,,,,,
168,,,,,,
182,,,,,,
184,,,,,,
186,,,,,,
187,,,,,,
198,,,,,,
202,,,,,,
203,,,,,,
208,,,,,,
223,,,,,,
229,,,,,,
230,,,,,,
245,,,,,,
252,,,,,,
257,,,,,,
264,,,,,,
270,,,,,,
272,,,,,,
277,,,,,,
283,,,,,,
284,,,,,,
289,,,,,,
296,,,,,,
306,,,,,,
323,,,,,,
340,,,,,,
354,,,,,,
363,,,,,,
372,,,,,,
379,,,,,,
387,,,,,,
392,,,,,,
394,,,,,,
439,,,,,,
447,,,,,,
460,,,,,,
470,,,,,,
476,,,,,,
478,,,,,,
479,,,,,,
483,,,,,,
498,,,,,,
519,,,,,,
525,,,,,,
555,,,,,,
557,,,,,,
565,,,,,,
569,,,,,,
572,,,,,,
592,,,,,,
594,,,,,,
600,,,,,,
605,,,,,,
685,,,,,,
719,,,,,,
720,,,,,,
760,,,,,,
766,,,,,,
799,,,,,,
800,,,,,,
831,,,,,,
838,,,,,,
892,,,,,,
935,,,,,,
955,,,,,,
956,,,,,,
1072,,,,,,
1097,,,,,,
1142,,,,,,
1145,,,,,,
1170,,,,,,
1205,,,,,,
1208,,,,,,
1221,,,,,,
1222,,,,,,
1223,,,,,,
1226,,,,,,
1227,,,,,,
1240,,,,,,
1249,,,,,,
1272,,,,,,
1281,,,,,,
1282,,,,,,
1341,,,,,,
1350,,,,,,
1351,,,,,,
1361,,,,,,
1364,,,,,,
1365,,,,,,
1370,,,,,,
1409,,,,,,
1412,,,,,,
1428,,,,,,
1430,,,,,,
1431,,,,,,
1436,,,,,,
1442,,,,,,
1444,,,,,,
1451,,,,,,
1477,,,,,,
1483,,,,,,
1523,,,,,,
1538,,,,,,
1541,,,,,,
1568,,,,,,
1570,,,,,,
1574,,,,,,
1610,,,,,,
1637,,,,,,
1641,,,,,,
1662,,,,,,
1667,,,,,,
1680,,,,,,
1696,,,,,,
1725,,,,,,
1743,,,,,,
1760,,,,,,
1807,,,,,,
1814,,,,,,
1819,,,,,,
1832,,,,,,
1846,,,,,,
1870,,,,,,
1877,,,,,,
1924,,,,,,
1931,,,,,,
1961,,,,,,
1962,,,,,,
1978,,,,,,
2012,,,,,,
2032,,,,,,
2039,,,,,,
2082,,,,,,
2083,,,,,,
2088,,,,,,
2095,,,,,,
2100,,,,,,
2110,,,,,,
2118,,,,,,
2126,,,,,,
2156,,,,,,
2160,,,,,,
2172,,,,,,
2177,,,,,,
2189,,,,,,
2195,,,,,,
2200,,,,,,
2207,,,,,,
2209,,,,,,
2245,,,,,,
2253,,,,,,
2257,,,,,,
2262,,,,,,
2265,,,,,,
2282,,,,,,
2284,,,,,,
2287,,,,,,
2303,,,,,,
2312,,,,,,
2339,,,,,,
2346,,,,,,
2350,,,,,,
2358,,,,,,
2361,,,,,,
2367,,,,,,
2370,,,,,,
2378,,,,,,
2384,,,,,,
2404,,,,,,
2412,,,,,,
2416,,,,,,
2417,,,,,,
2419,,,,,,
2420,,,,,,
2423,,,,,,
2438,,,,,,
2439,,,,,,
2447,,,,,,
2451,,,,,,
2476,,,,,,
2490,,,,,,
2491,,,,,,
2492,,,,,,
2503,,,,,,
2511,,,,,,
2512,,,,,,
2536,,,,,,
2537,,,,,,
2552,,,,,,
2553,,,,,,
2560,,,,,,
2568,,,,,,
2570,,,,,,
2577,,,,,,
2599,,,,,,
2626,,,,,,
2630,,,,,,
2635,,,,,,
2647,,,,,,
2670,,,,,,
2676,,,,,,
2684,,,,,,
2697,,,,,,
2717,,,,,,
2727,,,,,,
2734,,,,,,
2745,,,,,,
2754,,,,,,
2758,,,,,,
2761,,,,,,
2773,,,,,,
2790,,,,,,
2791,,,,,,
2797,,,,,,
2808,,,,,,
2813,,,,,,
2817,,,,,,
2828,,,,,,
2834,,,,,,
2835,,,,,,
2840,,,,,,
2842,,,,,,
2868,,,,,,
2873,,,,,,
2884,,,,,,
2895,,,,,,
2901,,,,,,
2910,,,,,,
2928,,,,,,
2933,,,,,,
2951,,,,,,
2961,,,,,,
2975,,,,,,
2997,,,,,,
3007,,,,,,
3012,,,,,,
3034,,,,,,
3041,,,,,,
3099,,,,,,
3101,,,,,,
3125,,,,,,
3139,,,,,,
3141,,,,,,
3183,,,,,,
3189,,,,,,
3219,,,,,,
3223,,,,,,
3225,,,,,,
3245,,,,,,
3257,,,,,,
3310,,,,,,
3319,,,,,,
3348,,,,,,
3350,,,,,,
3359,,,,,,
3366,,,,,,
3367,,,,,,
3373,,,,,,
3374,,,,,,
3397,,,,,,
3419,,,,,,
3420,,,,,,
3422,,,,,,
3433,,,,,,
3446,,,,,,
3473,,,,,,
3476,,,,,,
3488,,,,,,
3524,,,,,,
3525,,,,,,
3534,,,,,,
3539,,,,,,
3541,,,,,,
3544,,,,,,
3562,,,,,,
3569,,,,,,
3582,,,,,,
3590,,,,,,
3625,,,,,,
3630,,,,,,
3649,,,,,,
3650,,,,,,
3657,,,,,,
3660,,,,,,
3664,,,,,,
3672,,,,,,
3675,,,,,,
3692,,,,,,
3694,,,,,,
3699,,,,,,
3709,,,,,,
3737,,,,,,
3742,,,,,,
3791,,,,,,
3824,,,,,,
3836,,,,,,
3850,,,,,,
3864,,,,,,
3887,,,,,,
3890,,,,,,
3918,,,,,,
3924,,,,,,
3927,,,,,,
3941,,,,,,
3944,,,,,,
3945,,,,,,
3955,,,,,,
3977,,,,,,
3990,,,,,,
4003,,,,,,
4024,,,,,,
4034,,,,,,
4048,,,,,,
4086,,,,,,
4087,,,,,,
4089,,,,,,
4098,,,,,,
4111,,,,,,
4115,,,,,,
4135,,,,,,
4136,,,,,,
4172,,,,,,
4183,,,,,,
4190,,,,,,
4202,,,,,,
4216,,,,,,
4226,,,,,,
4235,,,,,,
4237,,,,,,
4297,,,,,,
4395,,,,,,
4406,,,,,,
4414,,,,,,
4423,,,,,,
4424,,,,,,
4431,,,,,,
4433,,,,,,
4461,,,,,,
4484,,,,,,
4486,,,,,,
4501,,,,,,
4523,,,,,,
4531,,,,,,
4573,,,,,,
4602,,,,,,
4607,,,,,,
4611,,,,,,
4626,,,,,,
4637,,,,,,
4651,,,,,,
4664,,,,,,
4666,,,,,,
4671,,,,,,
4685,,,,,,
4692,,,,,,
4699,,,,,,
4783,,,,,,
4793,,,,,,
4800,,,,,,
4815,,,,,,
4823,,,,,,
4831,,,,,,
4833,,,,,,
4863,,,,,,
4913,,,,,,
4931,,,,,,
4982,,,,,,
4987,,,,,,
5015,,,,,,
5027,,,,,,
5074,,,,,,
5075,,,,,,
5077,,,,,,
5091,,,,,,
5099,,,,,,
5151,,,,,,
5154,,,,,,
5155,,,,,,
5156,,,,,,
5161,,,,,,
5171,,,,,,
5185,,,,,,
5213,,,,,,
5235,,,,,,
5304,,,,,,
5338,,,,,,
5376,,,,,,
5382,,,,,,
5384,,,,,,
5417,,,,,,
5437,,,,,,
5442,,,,,,
5479,,,,,,
5504,,,,,,
5515,,,,,,
5580,,,,,,
5604,,,,,,
5606,,,,,,
5657,,,,,,
5663,,,,,,
5685,,,,,,
5687,,,,,,
5691,,,,,,
5693,,,,,,
5761,,,,,,
5798,,,,,,
5827,,,,,,
5880,,,,,,
5920,,,,,,
5923,,,,,,
5951,,,,,,
5969,,,,,,
6005,,,,,,
6026,,,,,,
6027,,,,,,
6029,,,,,,
6062,,,,,,
6075,,,,,,
6084,,,,,,
6104,,,,,,
6139,,,,,,
6145,,,,,,
6247,,,,,,
6301,,,,,,
6316,,,,,,
6348,,,,,,
6352,,,,,,
6367,,,,,,
6397,,,,,,
6441,,,,,,
6475,,,,,,
6476,,,,,,
6480,,,,,,
6483,,,,,,
6487,,,,,,
6488,,,,,,
6520,,,,,,
6536,,,,,,
6543,,,,,,
6555,,,,,,
6568,,,,,,
6596,,,,,,
6635,,,,,,
6638,,,,,,
6679,,,,,,
6701,,,,,,
6719,,,,,,
6733,,,,,,
6770,,,,,,
6824,,,,,,
6828,,,,,,
6855,,,,,,
6892,,,,,,
6909,,,,,,
7075,,,,,,
7127,,,,,,
7141,,,,,,
7167,,,,,,
7169,,,,,,
7202,,,,,,
7231,,,,,,
7264,,,,,,
7268,,,,,,
7273,,,,,,
7282,,,,,,
7312,,,,,,
7324,,,,,,
7336,,,,,,
7354,,,,,,
7371,,,,,,
7372,,,,,,
7384,,,,,,
7390,,,,,,
7407,,,,,,
7425,,,,,,
7432,,,,,,
7586,,,,,,
7622,,,,,,
7670,,,,,,
7687,,,,,,
7705,,,,,,
7707,,,,,,
7709,,,,,,
7740,,,,,,
7818,,,,,,
7828,,,,,,
7833,,,,,,
7836,,,,,,
7837,,,,,,
7840,,,,,,
7896,,,,,,
8048,,,,,,
8049,,,,,,
8058,,,,,,
8083,,,,,,
8283,,,,,,
8295,,,,,,
8342,,,,,,
8357,,,,,,
8358,,,,,,
8385,,,,,,
8400,,,,,,
8419,,,,,,
8434,,,,,,
8457,,,,,,
8489,,,,,,
8490,,,,,,
8533,,,,,,
8535,,,,,,
8537,,,,,,
8559,,,,,,
8574,,,,,,
8608,,,,,,
8618,,,,,,
8619,,,,,,
8646,,,,,,
8649,,,,,,
8656,,,,,,
8670,,,,,,
8676,,,,,,
8755,,,,,,
8764,,,,,,
8766,,,,,,
8836,,,,,,
8850,,,,,,
8884,,,,,,
8886,,,,,,
8909,,,,,,
8939,,,,,,
8951,,,,,,
8957,,,,,,
8977,,,,,,
8986,,,,,,
8989,,,,,,
8992,,,,,,
9012,,,,,,
9018,,,,,,
9027,,,,,,
9048,,,,,,
9062,,,,,,
9087,,,,,,
9175,,,,,,
9187,,,,,,
9205,,,,,,
9254,,,,,,
9264,,,,,,
9296,,,,,,
9303,,,,,,
9311,,,,,,
9360,,,,,,
9376,,,,,,
9393,,,,,,
9401,,,,,,
9426,,,,,,
9434,,,,,,
9448,,,,,,
9478,,,,,,
9479,,,,,,
9497,,,,,,
9502,,,,,,
9504,,,,,,
9507,,,,,,
9530,,,,,,
9634,,,,,,
9648,,,,,,
9664,,,,,,
9698,,,,,,
9723,,,,,,
9731,,,,,,
9732,,,,,,
9740,,,,,,
9803,,,,,,
9815,,,,,,
9825,,,,,,
9865,,,,,,
9881,,,,,,
9884,,,,,,
9898,,,,,,
9922,,,,,,
9966,,,,,,
9971,,,,,,
9975,,,,,,
9979,,,,,,
9991,,,,,,
10037,,,,,,
10067,,,,,,
10110,,,,,,
10118,,,,,,
10120,,,,,,
10219,,,,,,
10291,,,,,,
10292,,,,,,
10323,,,,,,
10327,,,,,,
10341,,,,,,
10344,,,,,,
10349,,,,,,
10431,,,,,,
10594,,,,,,
10727,,,,,,
10736,,,,,,
10925,,,,,,
11007,,,,,,
11067,,,,,,
11167,,,,,,
11237,,,,,,
11328,,,,,,
11344,,,,,,
12167,,,,,,
12376,,,,,,
12391,,,,,,
12432,,,,,,
12460,,,,,,
12596,,,,,,
12676,,,,,,
12733,,,,,,
12785,,,,,,
12811,,,,,,
12829,,,,,,
12860,,,,,,
12891,,,,,,
12966,,,,,,
12990,,,,,,
13019,,,,,,
13040,,,,,,
13075,,,,,,
13089,,,,,,
13092,,,,,,
13136,,,,,,
13232,,,,,,
13247,,,,,,
13260,,,,,,
13279,,,,,,
13311,,,,,,
13315,,,,,,
13321,,,,,,
13338,,,,,,
13342,,,,,,
13345,,,,,,
13359,,,,,,
13368,,,,,,
13387,,,,,,
13475,,,,,,
13476,,,,,,
13478,,,,,,
13512,,,,,,
13564,,,,,,
13573,,,,,,
13574,,,,,,
13575,,,,,,
13578,,,,,,
13654,,,,,,
13670,,,,,,
13691,,,,,,
13716,,,,,,
13724,,,,,,
13789,,,,,,
13790,,,,,,
13794,,,,,,
13796,,,,,,
13811,,,,,,
13826,,,,,,
13834,,,,,,
13896,,,,,,
13922,,,,,,
13933,,,,,,
13938,,,,,,
13948,,,,,,
13949,,,,,,
14011,,,,,,
14013,,,,,,
14060,,,,,,
14071,,,,,,
14082,,,,,,
14102,,,,,,
14109,,,,,,
14165,,,,,,
14218,,,,,,
14224,,,,,,
14232,,,,,,
14285,,,,,,
14318,,,,,,
14333,,,,,,
14351,,,,,,
14386,,,,,,
14413,,,,,,
14435,,,,,,
14437,,,,,,
14465,,,,,,
14509,,,,,,
14537,,,,,,
14622,,,,,,
14640,,,,,,
14672,,,,,,
14682,,,,,,
14698,,,,,,
14719,,,,,,
14728,,,,,,
14749,,,,,,
14821,,,,,,
14823,,,,,,
14832,,,,,,
14853,,,,,,
14862,,,,,,
14877,,,,,,
14880,,,,,,
14891,,,,,,
14912,,,,,,
14913,,,,,,
14926,,,,,,
14934,,,,,,
14950,,,,,,
14965,,,,,,
14974,,,,,,
14976,,,,,,
14984,,,,,,
15011,,,,,,
15018,,,,,,
15040,,,,,,
15065,,,,,,
15109,,,,,,
15117,,,,,,
15143,,,,,,
15174,,,,,,
15214,,,,,,
15253,,,,,,
15270,,,,,,
15273,,,,,,
15276,,,,,,
15290,,,,,,
15295,,,,,,
15307,,,,,,
15329,,,,,,
15347,,,,,,
15349,,,,,,
15356,,,,,,
15371,,,,,,
15386,,,,,,
15400,,,,,,
15472,,,,,,
15494,,,,,,
15495,,,,,,
15508,,,,,,
15516,,,,,,
15518,,,,,,
15547,,,,,,
15555,,,,,,
15594,,,,,,
15599,,,,,,
15602,,,,,,
15619,,,,,,
15622,,,,,,
15635,,,,,,
15647,,,,,,
15653,,,,,,
15655,,,,,,
7,,,,,,
151,,,,,,
210,,,,,,
233,,,,,,
241,,,,,,
259,,,,,,
263,,,,,,
266,,,,,,
290,,,,,,
298,,,,,,
299,,,,,,
302,,,,,,
308,,,,,,
317,,,,,,
328,,,,,,
346,,,,,,
349,,,,,,
355,,,,,,
403,,,,,,
405,,,,,,
412,,,,,,
436,,,,,,
452,,,,,,
455,,,,,,
463,,,,,,
469,,,,,,
472,,,,,,
475,,,,,,
484,,,,,,
485,,,,,,
497,,,,,,
499,,,,,,
506,,,,,,
510,,,,,,
514,,,,,,
543,,,,,,
567,,,,,,
575,,,,,,
588,,,,,,
634,,,,,,
688,,,,,,
689,,,,,,
693,,,,,,
698,,,,,,
700,,,,,,
713,,,,,,
716,,,,,,
726,,,,,,
728,,,,,,
741,,,,,,
768,,,,,,
796,,,,,,
841,,,,,,
845,,,,,,
861,,,,,,
897,,,,,,
915,,,,,,
1024,,,,,,
1081,,,,,,
1082,,,,,,
1094,,,,,,
1108,,,,,,
1128,,,,,,
1131,,,,,,
1152,,,,,,
1161,,,,,,
1182,,,,,,
1183,,,,,,
1192,,,,,,
1193,,,,,,
1203,,,,,,
1206,,,,,,
1209,,,,,,
1210,,,,,,
1243,,,,,,
1266,,,,,,
1271,,,,,,
1292,,,,,,
1301,,,,,,
1339,,,,,,
1352,,,,,,
1374,,,,,,
1447,,,,,,
1463,,,,,,
1484,,,,,,
1605,,,,,,
1638,,,,,,
1650,,,,,,
1665,,,,,,
1683,,,,,,
1687,,,,,,
1690,,,,,,
1695,,,,,,
1717,,,,,,
1726,,,,,,
1744,,,,,,
1759,,,,,,
1777,,,,,,
1778,,,,,,
1792,,,,,,
1823,,,,,,
1824,,,,,,
1831,,,,,,
1874,,,,,,
1906,,,,,,
1920,,,,,,
1921,,,,,,
1943,,,,,,
1982,,,,,,
1996,,,,,,
2002,,,,,,
2044,,,,,,
2057,,,,,,
2063,,,,,,
2069,,,,,,
2070,,,,,,
2077,,,,,,
2130,,,,,,
2152,,,,,,
2198,,,,,,
2236,,,,,,
2293,,,,,,
2407,,,,,,
2424,,,,,,
2426,,,,,,
2459,,,,,,
2469,,,,,,
2506,,,,,,
2576,,,,,,
2602,,,,,,
2614,,,,,,
2616,,,,,,
2617,,,,,,
2624,,,,,,
2628,,,,,,
2644,,,,,,
2645,,,,,,
2651,,,,,,
2652,,,,,,
2664,,,,,,
2680,,,,,,
2686,,,,,,
2716,,,,,,
2733,,,,,,
2740,,,,,,
2747,,,,,,
2750,,,,,,
2778,,,,,,
2803,,,,,,
2816,,,,,,
2823,,,,,,
2825,,,,,,
2862,,,,,,
2870,,,,,,
2881,,,,,,
2887,,,,,,
2888,,,,,,
2894,,,,,,
2912,,,,,,
2916,,,,,,
2950,,,,,,
2953,,,,,,
2960,,,,,,
2988,,,,,,
2994,,,,,,
2998,,,,,,
3008,,,,,,
3027,,,,,,
3035,,,,,,
3037,,,,,,
3050,,,,,,
3064,,,,,,
3073,,,,,,
3088,,,,,,
3090,,,,,,
3140,,,,,,
3142,,,,,,
3148,,,,,,
3174,,,,,,
3196,,,,,,
3200,,,,,,
3205,,,,,,
3213,,,,,,
3214,,,,,,
3240,,,,,,
3248,,,,,,
3249,,,,,,
3268,,,,,,
3312,,,,,,
3356,,,,,,
3363,,,,,,
3375,,,,,,
3386,,,,,,
3395,,,,,,
3403,,,,,,
3406,,,,,,
3414,,,,,,
3431,,,,,,
3456,,,,,,
3465,,,,,,
3466,,,,,,
3494,,,,,,
3498,,,,,,
3500,,,,,,
3504,,,,,,
3528,,,,,,
3532,,,,,,
3549,,,,,,
3551,,,,,,
3568,,,,,,
3574,,,,,,
3577,,,,,,
3586,,,,,,
3587,,,,,,
3596,,,,,,
3609,,,,,,
3611,,,,,,
3619,,,,,,
3624,,,,,,
3629,,,,,,
3639,,,,,,
3654,,,,,,
3659,,,,,,
3661,,,,,,
3689,,,,,,
3693,,,,,,
3695,,,,,,
3696,,,,,,
3701,,,,,,
3705,,,,,,
3711,,,,,,
3713,,,,,,
3739,,,,,,
3740,,,,,,
3750,,,,,,
3757,,,,,,
3762,,,,,,
3776,,,,,,
3778,,,,,,
3788,,,,,,
3809,,,,,,
3811,,,,,,
3814,,,,,,
3825,,,,,,
3826,,,,,,
3828,,,,,,
3852,,,,,,
3878,,,,,,
3880,,,,,,
3893,,,,,,
3907,,,,,,
3921,,,,,,
3929,,,,,,
3932,,,,,,
3936,,,,,,
3942,,,,,,
3943,,,,,,
3978,,,,,,
3994,,,,,,
4008,,,,,,
4012,,,,,,
4019,,,,,,
4044,,,,,,
4050,,,,,,
4055,,,,,,
4057,,,,,,
4067,,,,,,
4070,,,,,,
4076,,,,,,
4078,,,,,,
4079,,,,,,
4080,,,,,,
4092,,,,,,
4100,,,,,,
4104,,,,,,
4110,,,,,,
4125,,,,,,
4133,,,,,,
4156,,,,,,
4158,,,,,,
4171,,,,,,
4173,,,,,,
4195,,,,,,
4200,,,,,,
4215,,,,,,
4225,,,,,,
4227,,,,,,
4233,,,,,,
4267,,,,,,
4268,,,,,,
4276,,,,,,
4279,,,,,,
4290,,,,,,
4291,,,,,,
4306,,,,,,
4318,,,,,,
4322,,,,,,
4324,,,,,,
4332,,,,,,
4333,,,,,,
4337,,,,,,
4342,,,,,,
4343,,,,,,
4344,,,,,,
4362,,,,,,
4371,,,,,,
4375,,,,,,
4377,,,,,,
4378,,,,,,
4388,,,,,,
4403,,,,,,
4408,,,,,,
4412,,,,,,
4437,,,,,,
4438,,,,,,
4441,,,,,,
4446,,,,,,
4454,,,,,,
4457,,,,,,
4460,,,,,,
4463,,,,,,
4464,,,,,,
4465,,,,,,
4467,,,,,,
4469,,,,,,
4471,,,,,,
4480,,,,,,
4483,,,,,,
4485,,,,,,
4488,,,,,,
4500,,,,,,
4504,,,,,,
4507,,,,,,
4509,,,,,,
4510,,,,,,
4512,,,,,,
4513,,,,,,
4521,,,,,,
4522,,,,,,
4536,,,,,,
4542,,,,,,
4551,,,,,,
4552,,,,,,
4562,,,,,,
4565,,,,,,
4570,,,,,,
4571,,,,,,
4579,,,,,,
4581,,,,,,
4585,,,,,,
4599,,,,,,
4618,,,,,,
4627,,,,,,
4640,,,,,,
4643,,,,,,
4644,,,,,,
4645,,,,,,
4648,,,,,,
4656,,,,,,
4659,,,,,,
4674,,,,,,
4696,,,,,,
4707,,,,,,
4708,,,,,,
4714,,,,,,
4723,,,,,,
4740,,,,,,
4746,,,,,,
4747,,,,,,
4749,,,,,,
4757,,,,,,
4762,,,,,,
4766,,,,,,
4768,,,,,,
4773,,,,,,
4779,,,,,,
4781,,,,,,
4785,,,,,,
4805,,,,,,
4807,,,,,,
4812,,,,,,
4820,,,,,,
4827,,,,,,
4837,,,,,,
4841,,,,,,
4843,,,,,,
4844,,,,,,
4853,,,,,,
4854,,,,,,
4861,,,,,,
4862,,,,,,
4864,,,,,,
4865,,,,,,
4869,,,,,,
4870,,,,,,
4871,,,,,,
4875,,,,,,
4880,,,,,,
4881,,,,,,
4882,,,,,,
4885,,,,,,
4892,,,,,,
4893,,,,,,
4894,,,,,,
4903,,,,,,
4905,,,,,,
4910,,,,,,
4928,,,,,,
4947,,,,,,
4953,,,,,,
4961,,,,,,
4965,,,,,,
4970,,,,,,
4973,,,,,,
4979,,,,,,
4996,,,,,,
4998,,,,,,
5003,,,,,,
5005,,,,,,
5019,,,,,,
5028,,,,,,
5029,,,,,,
5032,,,,,,
5033,,,,,,
5034,,,,,,
5037,,,,,,
5039,,,,,,
5042,,,,,,
5045,,,,,,
5046,,,,,,
5048,,,,,,
5053,,,,,,
5054,,,,,,
5055,,,,,,
5056,,,,,,
5057,,,,,,
5058,,,,,,
5060,,,,,,
5062,,,,,,
5066,,,,,,
5071,,,,,,
5072,,,,,,
5082,,,,,,
5090,,,,,,
5102,,,,,,
5110,,,,,,
5117,,,,,,
5124,,,,,,
5125,,,,,,
5135,,,,,,
5138,,,,,,
5139,,,,,,
5145,,,,,,
5148,,,,,,
5174,,,,,,
5176,,,,,,
5177,,,,,,
5178,,,,,,
5179,,,,,,
5183,,,,,,
5186,,,,,,
5189,,,,,,
5191,,,,,,
5193,,,,,,
5195,,,,,,
5196,,,,,,
5197,,,,,,
5199,,,,,,
5202,,,,,,
5210,,,,,,
5216,,,,,,
5217,,,,,,
5220,,,,,,
5223,,,,,,
5225,,,,,,
5232,,,,,,
5233,,,,,,
5243,,,,,,
5245,,,,,,
5246,,,,,,
5248,,,,,,
5256,,,,,,
5257,,,,,,
5259,,,,,,
5262,,,,,,
5263,,,,,,
5265,,,,,,
5267,,,,,,
5268,,,,,,
5269,,,,,,
5273,,,,,,
5274,,,,,,
5276,,,,,,
5277,,,,,,
5280,,,,,,
5288,,,,,,
5297,,,,,,
5300,,,,,,
5301,,,,,,
5313,,,,,,
5314,,,,,,
5315,,,,,,
5326,,,,,,
5327,,,,,,
5337,,,,,,
5341,,,,,,
5343,,,,,,
5349,,,,,,
5350,,,,,,
5352,,,,,,
5353,,,,,,
5354,,,,,,
5355,,,,,,
5356,,,,,,
5361,,,,,,
5365,,,,,,
5366,,,,,,
5368,,,,,,
5371,,,,,,
5374,,,,,,
5381,,,,,,
5388,,,,,,
5389,,,,,,
5391,,,,,,
5397,,,,,,
5398,,,,,,
5401,,,,,,
5415,,,,,,
5418,,,,,,
5440,,,,,,
5453,,,,,,
5455,,,,,,
5457,,,,,,
5459,,,,,,
5460,,,,,,
5461,,,,,,
5470,,,,,,
5475,,,,,,
5489,,,,,,
5493,,,,,,
5495,,,,,,
5496,,,,,,
5497,,,,,,
5498,,,,,,
5503,,,,,,
5507,,,,,,
5520,,,,,,
5521,,,,,,
5524,,,,,,
5535,,,,,,
5538,,,,,,
5539,,,,,,
5550,,,,,,
5556,,,,,,
5569,,,,,,
5593,,,,,,
5611,,,,,,
5664,,,,,,
5701,,,,,,
5721,,,,,,
5725,,,,,,
5742,,,,,,
5744,,,,,,
5757,,,,,,
5762,,,,,,
5784,,,,,,
5789,,,,,,
5790,,,,,,
5794,,,,,,
5797,,,,,,
5805,,,,,,
5843,,,,,,
5851,,,,,,
5862,,,,,,
5868,,,,,,
5879,,,,,,
5886,,,,,,
5901,,,,,,
5907,,,,,,
5911,,,,,,
5930,,,,,,
5932,,,,,,
5941,,,,,,
5954,,,,,,
5966,,,,,,
5970,,,,,,
5974,,,,,,
5987,,,,,,
5999,,,,,,
6000,,,,,,
6012,,,,,,
6020,,,,,,
6036,,,,,,
6042,,,,,,
6048,,,,,,
6070,,,,,,
6087,,,,,,
6098,,,,,,
6112,,,,,,
6137,,,,,,
6142,,,,,,
6154,,,,,,
6162,,,,,,
6170,,,,,,
6186,,,,,,
6193,,,,,,
6197,,,,,,
6210,,,,,,
6223,,,,,,
6228,,,,,,
6235,,,,,,
6252,,,,,,
6266,,,,,,
6291,,,,,,
6298,,,,,,
6308,,,,,,
6326,,,,,,
6335,,,,,,
6337,,,,,,
6340,,,,,,
6341,,,,,,
6343,,,,,,
6355,,,,,,
6356,,,,,,
6373,,,,,,
6427,,,,,,
6457,,,,,,
6463,,,,,,
6471,,,,,,
6493,,,,,,
6494,,,,,,
6502,,,,,,
6503,,,,,,
6507,,,,,,
6513,,,,,,
6516,,,,,,
6524,,,,,,
6531,,,,,,
6551,,,,,,
6558,,,,,,
6570,,,,,,
6583,,,,,,
6593,,,,,,
6594,,,,,,
6615,,,,,,
6628,,,,,,
6653,,,,,,
6667,,,,,,
6672,,,,,,
6673,,,,,,
6674,,,,,,
6678,,,,,,
6681,,,,,,
6682,,,,,,
6684,,,,,,
6686,,,,,,
6687,,,,,,
6690,,,,,,
6696,,,,,,
6723,,,,,,
6731,,,,,,
6735,,,,,,
6738,,,,,,
6744,,,,,,
6748,,,,,,
6751,,,,,,
6758,,,,,,
6763,,,,,,
6767,,,,,,
6774,,,,,,
6822,,,,,,
6823,,,,,,
6829,,,,,,
6841,,,,,,
6857,,,,,,
6861,,,,,,
6868,,,,,,
6885,,,,,,
6894,,,,,,
6895,,,,,,
6901,,,,,,
6914,,,,,,
6918,,,,,,
6927,,,,,,
6961,,,,,,
6968,,,,,,
6975,,,,,,
6981,,,,,,
6987,,,,,,
7028,,,,,,
7030,,,,,,
7037,,,,,,
7057,,,,,,
7070,,,,,,
7080,,,,,,
7092,,,,,,
7108,,,,,,
7118,,,,,,
7123,,,,,,
7129,,,,,,
7131,,,,,,
7133,,,,,,
7135,,,,,,
7137,,,,,,
7139,,,,,,
7142,,,,,,
7143,,,,,,
7148,,,,,,
7149,,,,,,
7151,,,,,,
7153,,,,,,
7158,,,,,,
7198,,,,,,
7200,,,,,,
7234,,,,,,
7254,,,,,,
7265,,,,,,
7272,,,,,,
7289,,,,,,
7290,,,,,,
7297,,,,,,
7333,,,,,,
7338,,,,,,
7340,,,,,,
7341,,,,,,
7352,,,,,,
7361,,,,,,
7365,,,,,,
7366,,,,,,
7368,,,,,,
7375,,,,,,
7377,,,,,,
7378,,,,,,
7389,,,,,,
7399,,,,,,
7400,,,,,,
7404,,,,,,
7406,,,,,,
7408,,,,,,
7411,,,,,,
7412,,,,,,
7416,,,,,,
7417,,,,,,
7418,,,,,,
7421,,,,,,
7423,,,,,,
7424,,,,,,
7426,,,,,,
7428,,,,,,
7431,,,,,,
7434,,,,,,
7435,,,,,,
7437,,,,,,
7438,,,,,,
7441,,,,,,
7446,,,,,,
7447,,,,,,
7450,,,,,,
7451,,,,,,
7454,,,,,,
7456,,,,,,
7459,,,,,,
7460,,,,,,
7461,,,,,,
7462,,,,,,
7463,,,,,,
7465,,,,,,
7469,,,,,,
7474,,,,,,
7478,,,,,,
7482,,,,,,
7487,,,,,,
7494,,,,,,
7503,,,,,,
7514,,,,,,
7515,,,,,,
7517,,,,,,
7519,,,,,,
7522,,,,,,
7523,,,,,,
7526,,,,,,
7527,,,,,,
7528,,,,,,
7529,,,,,,
7530,,,,,,
7535,,,,,,
7539,,,,,,
7543,,,,,,
7545,,,,,,
7547,,,,,,
7567,,,,,,
7581,,,,,,
7596,,,,,,
7607,,,,,,
7610,,,,,,
7611,,,,,,
7612,,,,,,
7613,,,,,,
7617,,,,,,
7618,,,,,,
7619,,,,,,
7620,,,,,,
7623,,,,,,
7625,,,,,,
7626,,,,,,
7631,,,,,,
7634,,,,,,
7636,,,,,,
7637,,,,,,
7638,,,,,,
7641,,,,,,
7643,,,,,,
7644,,,,,,
7647,,,,,,
7652,,,,,,
7656,,,,,,
7658,,,,,,
7660,,,,,,
7662,,,,,,
7663,,,,,,
7665,,,,,,
7671,,,,,,
7672,,,,,,
7674,,,,,,
7677,,,,,,
7678,,,,,,
7681,,,,,,
7682,,,,,,
7685,,,,,,
7690,,,,,,
7704,,,,,,
7717,,,,,,
7720,,,,,,
7722,,,,,,
7723,,,,,,
7729,,,,,,
7730,,,,,,
7732,,,,,,
7734,,,,,,
7738,,,,,,
7752,,,,,,
7762,,,,,,
7766,,,,,,
7767,,,,,,
7770,,,,,,
7771,,,,,,
7792,,,,,,
7793,,,,,,
7794,,,,,,
7800,,,,,,
7801,,,,,,
7806,,,,,,
7817,,,,,,
7820,,,,,,
7823,,,,,,
7831,,,,,,
7851,,,,,,
7857,,,,,,
7864,,,,,,
7869,,,,,,
7873,,,,,,
7882,,,,,,
7887,,,,,,
7891,,,,,,
7894,,,,,,
7907,,,,,,
7910,,,,,,
7911,,,,,,
7912,,,,,,
7914,,,,,,
7917,,,,,,
7926,,,,,,
7927,,,,,,
7938,,,,,,
7940,,,,,,
7942,,,,,,
7943,,,,,,
7944,,,,,,
7945,,,,,,
7948,,,,,,
7950,,,,,,
7955,,,,,,
7967,,,,,,
7968,,,,,,
7974,,,,,,
7976,,,,,,
7979,,,,,,
7982,,,,,,
7984,,,,,,
7989,,,,,,
8002,,,,,,
8013,,,,,,
8016,,,,,,
8020,,,,,,
8027,,,,,,
8030,,,,,,
8037,,,,,,
8043,,,,,,
8050,,,,,,
8071,,,,,,
8072,,,,,,
8082,,,,,,
8087,,,,,,
8092,,,,,,
8098,,,,,,
8100,,,,,,
8109,,,,,,
8111,,,,,,
8120,,,,,,
8125,,,,,,
8127,,,,,,
8129,,,,,,
8131,,,,,,
8133,,,,,,
8152,,,,,,
8158,,,,,,
8166,,,,,,
8171,,,,,,
8172,,,,,,
8174,,,,,,
8175,,,,,,
8178,,,,,,
8189,,,,,,
8194,,,,,,
8248,,,,,,
8251,,,,,,
8260,,,,,,
8267,,,,,,
8281,,,,,,
8306,,,,,,
8307,,,,,,
8314,,,,,,
8323,,,,,,
8327,,,,,,
8330,,,,,,
8355,,,,,,
8359,,,,,,
8362,,,,,,
8364,,,,,,
8367,,,,,,
8384,,,,,,
8390,,,,,,
8392,,,,,,
8411,,,,,,
8422,,,,,,
8428,,,,,,
8432,,,,,,
8433,,,,,,
8435,,,,,,
8443,,,,,,
8444,,,,,,
8465,,,,,,
8478,,,,,,
8500,,,,,,
8519,,,,,,
8527,,,,,,
8539,,,,,,
8585,,,,,,
8591,,,,,,
8594,,,,,,
8596,,,,,,
8609,,,,,,
8613,,,,,,
8616,,,,,,
8634,,,,,,
8639,,,,,,
8640,,,,,,
8657,,,,,,
8746,,,,,,
8779,,,,,,
8804,,,,,,
8808,,,,,,
8809,,,,,,
8815,,,,,,
8816,,,,,,
8823,,,,,,
8839,,,,,,
8847,,,,,,
8849,,,,,,
8852,,,,,,
8855,,,,,,
8868,,,,,,
8870,,,,,,
8879,,,,,,
8913,,,,,,
8915,,,,,,
8927,,,,,,
8928,,,,,,
8933,,,,,,
8936,,,,,,
8937,,,,,,
8979,,,,,,
8983,,,,,,
8984,,,,,,
8988,,,,,,
8993,,,,,,
9016,,,,,,
9019,,,,,,
9022,,,,,,
9028,,,,,,
9049,,,,,,
9078,,,,,,
9081,,,,,,
9084,,,,,,
9092,,,,,,
9094,,,,,,
9105,,,,,,
9106,,,,,,
9108,,,,,,
9111,,,,,,
9116,,,,,,
9118,,,,,,
9126,,,,,,
9127,,,,,,
9128,,,,,,
9131,,,,,,
9132,,,,,,
9136,,,,,,
9138,,,,,,
9140,,,,,,
9141,,,,,,
9144,,,,,,
9145,,,,,,
9146,,,,,,
9148,,,,,,
9149,,,,,,
9150,,,,,,
9162,,,,,,
9168,,,,,,
9173,,,,,,
9177,,,,,,
9188,,,,,,
9199,,,,,,
9215,,,,,,
9217,,,,,,
9225,,,,,,
9241,,,,,,
9248,,,,,,
9288,,,,,,
9290,,,,,,
9291,,,,,,
9294,,,,,,
9306,,,,,,
9327,,,,,,
9358,,,,,,
9359,,,,,,
9365,,,,,,
9382,,,,,,
9388,,,,,,
9389,,,,,,
9390,,,,,,
9409,,,,,,
9420,,,,,,
9430,,,,,,
9433,,,,,,
9441,,,,,,
9442,,,,,,
9451,,,,,,
9452,,,,,,
9455,,,,,,
9462,,,,,,
9466,,,,,,
9471,,,,,,
9475,,,,,,
9476,,,,,,
9491,,,,,,
9501,,,,,,
9503,,,,,,
9506,,,,,,
9510,,,,,,
9513,,,,,,
9529,,,,,,
9533,,,,,,
9537,,,,,,
9543,,,,,,
9545,,,,,,
9546,,,,,,
9547,,,,,,
9553,,,,,,
9556,,,,,,
9557,,,,,,
9558,,,,,,
9565,,,,,,
9567,,,,,,
9573,,,,,,
9575,,,,,,
9578,,,,,,
9579,,,,,,
9580,,,,,,
9582,,,,,,
9585,,,,,,
9587,,,,,,
9589,,,,,,
9590,,,,,,
9596,,,,,,
9606,,,,,,
9607,,,,,,
9612,,,,,,
9614,,,,,,
9617,,,,,,
9619,,,,,,
9624,,,,,,
9683,,,,,,
9685,,,,,,
9738,,,,,,
9744,,,,,,
9765,,,,,,
9784,,,,,,
9787,,,,,,
9788,,,,,,
9802,,,,,,
9804,,,,,,
9807,,,,,,
9818,,,,,,
9829,,,,,,
9831,,,,,,
9837,,,,,,
9840,,,,,,
9851,,,,,,
9861,,,,,,
9872,,,,,,
9873,,,,,,
9875,,,,,,
9876,,,,,,
9882,,,,,,
9889,,,,,,
9891,,,,,,
9933,,,,,,
9937,,,,,,
9949,,,,,,
9951,,,,,,
9957,,,,,,
9959,,,,,,
9996,,,,,,
10026,,,,,,
10069,,,,,,
10078,,,,,,
10079,,,,,,
10088,,,,,,
10097,,,,,,
10098,,,,,,
10099,,,,,,
10111,,,,,,
10119,,,,,,
10122,,,,,,
10128,,,,,,
10130,,,,,,
10131,,,,,,
10141,,,,,,
10177,,,,,,
10178,,,,,,
10179,,,,,,
10180,,,,,,
10182,,,,,,
10199,,,,,,
10200,,,,,,
10204,,,,,,
10215,,,,,,
10227,,,,,,
10228,,,,,,
10244,,,,,,
10252,,,,,,
10254,,,,,,
10261,,,,,,
10274,,,,,,
10296,,,,,,
10319,,,,,,
10601,,,,,,
10892,,,,,,
10909,,,,,,
10976,,,,,,
11103,,,,,,
11105,,,,,,
11289,,,,,,
11409,,,,,,
11678,,,,,,
11716,,,,,,
11778,,,,,,
12081,,,,,,
6,,,,,,
30,,,,,,
52,,,,,,
65,,,,,,
84,,,,,,
119,,,,,,
142,,,,,,
155,,,,,,
161,,,,,,
167,,,,,,
174,,,,,,
221,,,,,,
222,,,,,,
251,,,,,,
253,,,,,,
276,,,,,,
280,,,,,,
288,,,,,,
309,,,,,,
310,,,,,,
315,,,,,,
331,,,,,,
343,,,,,,
350,,,,,,
351,,,,,,
359,,,,,,
360,,,,,,
373,,,,,,
374,,,,,,
376,,,,,,
393,,,,,,
395,,,,,,
397,,,,,,
414,,,,,,
415,,,,,,
437,,,,,,
465,,,,,,
473,,,,,,
490,,,,,,
500,,,,,,
508,,,,,,
515,,,,,,
521,,,,,,
522,,,,,,
532,,,,,,
558,,,,,,
560,,,,,,
568,,,,,,
574,,,,,,
585,,,,,,
590,,,,,,
596,,,,,,
603,,,,,,
656,,,,,,
667,,,,,,
696,,,,,,
715,,,,,,
721,,,,,,
745,,,,,,
757,,,,,,
767,,,,,,
792,,,,,,
917,,,,,,
1035,,,,,,
1119,,,,,,
1121,,,,,,
1188,,,,,,
1191,,,,,,
1197,,,,,,
1204,,,,,,
1228,,,,,,
1231,,,,,,
1236,,,,,,
1257,,,,,,
1268,,,,,,
1273,,,,,,
1293,,,,,,
1313,,,,,,
1323,,,,,,
1357,,,,,,
1418,,,,,,
1433,,,,,,
1469,,,,,,
1558,,,,,,
1566,,,,,,
1599,,,,,,
1608,,,,,,
1615,,,,,,
1629,,,,,,
1631,,,,,,
1645,,,,,,
1655,,,,,,
1674,,,,,,
1677,,,,,,
1685,,,,,,
1709,,,,,,
1721,,,,,,
1758,,,,,,
1765,,,,,,
1776,,,,,,
1798,,,,,,
1826,,,,,,
1848,,,,,,
1881,,,,,,
1936,,,,,,
1964,,,,,,
1986,,,,,,
1990,,,,,,
2006,,,,,,
2059,,,,,,
2092,,,,,,
2129,,,,,,
2168,,,,,,
2202,,,,,,
2216,,,,,,
2226,,,,,,
2233,,,,,,
2249,,,,,,
2292,,,,,,
2298,,,,,,
2318,,,,,,
2319,,,,,,
2324,,,,,,
2325,,,,,,
2328,,,,,,
2410,,,,,,
2434,,,,,,
2541,,,,,,
2608,,,,,,
2627,,,,,,
2631,,,,,,
2689,,,,,,
2723,,,,,,
2736,,,,,,
2742,,,,,,
2748,,,,,,
2751,,,,,,
2756,,,,,,
2783,,,,,,
2799,,,,,,
2809,,,,,,
2829,,,,,,
2846,,,,,,
2861,,,,,,
2874,,,,,,
2893,,,,,,
2896,,,,,,
2897,,,,,,
2898,,,,,,
2904,,,,,,
2921,,,,,,
2924,,,,,,
2929,,,,,,
2931,,,,,,
2934,,,,,,
2945,,,,,,
2986,,,,,,
3004,,,,,,
3014,,,,,,
3022,,,,,,
3031,,,,,,
3048,,,,,,
3061,,,,,,
3091,,,,,,
3100,,,,,,
3117,,,,,,
3129,,,,,,
3138,,,,,,
3144,,,,,,
3145,,,,,,
3146,,,,,,
3147,,,,,,
3157,,,,,,
3192,,,,,,
3194,,,,,,
3210,,,,,,
3236,,,,,,
3252,,,,,,
3270,,,,,,
3278,,,,,,
3280,,,,,,
3281,,,,,,
3282,,,,,,
3294,,,,,,
3295,,,,,,
3344,,,,,,
3352,,,,,,
3379,,,,,,
3384,,,,,,
3401,,,,,,
3411,,,,,,
3436,,,,,,
3451,,,,,,
3468,,,,,,
3470,,,,,,
3471,,,,,,
3474,,,,,,
3483,,,,,,
3493,,,,,,
3510,,,,,,
3511,,,,,,
3545,,,,,,
3546,,,,,,
3553,,,,,,
3595,,,,,,
3597,,,,,,
3605,,,,,,
3612,,,,,,
3620,,,,,,
3622,,,,,,
3627,,,,,,
3628,,,,,,
3631,,,,,,
3635,,,,,,
3637,,,,,,
3652,,,,,,
3656,,,,,,
3673,,,,,,
3674,,,,,,
3678,,,,,,
3708,,,,,,
3714,,,,,,
3721,,,,,,
3729,,,,,,
3753,,,,,,
3803,,,,,,
3821,,,,,,
3823,,,,,,
3858,,,,,,
3871,,,,,,
3873,,,,,,
3874,,,,,,
3877,,,,,,
3947,,,,,,
3979,,,,,,
3986,,,,,,
3988,,,,,,
3996,,,,,,
4009,,,,,,
4021,,,,,,
4028,,,,,,
4061,,,,,,
4082,,,,,,
4083,,,,,,
4119,,,,,,
4128,,,,,,
4138,,,,,,
4150,,,,,,
4160,,,,,,
4164,,,,,,
4207,,,,,,
4208,,,,,,
4223,,,,,,
4242,,,,,,
4249,,,,,,
4288,,,,,,
4308,,,,,,
4349,,,,,,
4374,,,,,,
4385,,,,,,
4389,,,,,,
4391,,,,,,
4407,,,,,,
4443,,,,,,
4447,,,,,,
4487,,,,,,
4489,,,,,,
4517,,,,,,
4539,,,,,,
4549,,,,,,
4572,,,,,,
4661,,,,,,
4667,,,,,,
4681,,,,,,
4682,,,,,,
4716,,,,,,
4738,,,,,,
4741,,,,,,
4742,,,,,,
4758,,,,,,
4788,,,,,,
4789,,,,,,
4840,,,,,,
4846,,,,,,
4855,,,,,,
4886,,,,,,
4890,,,,,,
4897,,,,,,
4906,,,,,,
4917,,,,,,
4936,,,,,,
4954,,,,,,
4980,,,,,,
5009,,,,,,
5023,,,,,,
5031,,,,,,
5047,,,,,,
5096,,,,,,
5106,,,,,,
5120,,,,,,
5126,,,,,,
5131,,,,,,
5175,,,,,,
5212,,,,,,
5227,,,,,,
5240,,,,,,
5275,,,,,,
5282,,,,,,
5284,,,,,,
5286,,,,,,
5293,,,,,,
5298,,,,,,
5305,,,,,,
5333,,,,,,
5340,,,,,,
5345,,,,,,
5385,,,,,,
5416,,,,,,
5419,,,,,,
5451,,,,,,
5474,,,,,,
5481,,,,,,
5510,,,,,,
5512,,,,,,
5529,,,,,,
5537,,,,,,
5560,,,,,,
5585,,,,,,
5614,,,,,,
5645,,,,,,
5673,,,,,,
5690,,,,,,
5695,,,,,,
5706,,,,,,
5740,,,,,,
5741,,,,,,
5752,,,,,,
5755,,,,,,
5763,,,,,,
5810,,,,,,
5818,,,,,,
5875,,,,,,
5882,,,,,,
5891,,,,,,
5948,,,,,,
5981,,,,,,
5989,,,,,,
6002,,,,,,
6018,,,,,,
6021,,,,,,
6022,,,,,,
6056,,,,,,
6063,,,,,,
6099,,,,,,
6131,,,,,,
6151,,,,,,
6240,,,,,,
6249,,,,,,
6264,,,,,,
6272,,,,,,
6279,,,,,,
6285,,,,,,
6306,,,,,,
6309,,,,,,
6322,,,,,,
6332,,,,,,
6339,,,,,,
6344,,,,,,
6381,,,,,,
6429,,,,,,
6451,,,,,,
6472,,,,,,
6482,,,,,,
6490,,,,,,
6505,,,,,,
6506,,,,,,
6517,,,,,,
6521,,,,,,
6530,,,,,,
6539,,,,,,
6541,,,,,,
6547,,,,,,
6554,,,,,,
6563,,,,,,
6585,,,,,,
6676,,,,,,
6689,,,,,,
6698,,,,,,
6742,,,,,,
6747,,,,,,
6749,,,,,,
6750,,,,,,
6768,,,,,,
6834,,,,,,
6851,,,,,,
6856,,,,,,
6858,,,,,,
6884,,,,,,
6893,,,,,,
6896,,,,,,
6969,,,,,,
6971,,,,,,
6972,,,,,,
6977,,,,,,
7043,,,,,,
7081,,,,,,
7088,,,,,,
7100,,,,,,
7109,,,,,,
7152,,,,,,
7171,,,,,,
7176,,,,,,
7218,,,,,,
7294,,,,,,
7301,,,,,,
7315,,,,,,
7320,,,,,,
7328,,,,,,
7332,,,,,,
7393,,,,,,
7405,,,,,,
7414,,,,,,
7430,,,,,,
7442,,,,,,
7444,,,,,,
7501,,,,,,
7509,,,,,,
7564,,,,,,
7575,,,,,,
7624,,,,,,
7627,,,,,,
7628,,,,,,
7633,,,,,,
7635,,,,,,
7640,,,,,,
7642,,,,,,
7646,,,,,,
7659,,,,,,
7727,,,,,,
7731,,,,,,
7745,,,,,,
7753,,,,,,
7756,,,,,,
7790,,,,,,
7834,,,,,,
7850,,,,,,
7883,,,,,,
7930,,,,,,
7985,,,,,,
8076,,,,,,
8077,,,,,,
8084,,,,,,
8085,,,,,,
8099,,,,,,
8179,,,,,,
8193,,,,,,
8195,,,,,,
8204,,,,,,
8210,,,,,,
8220,,,,,,
8249,,,,,,
8258,,,,,,
8289,,,,,,
8317,,,,,,
8332,,,,,,
8350,,,,,,
8352,,,,,,
8354,,,,,,
8436,,,,,,
8452,,,,,,
8453,,,,,,
8463,,,,,,
8473,,,,,,
8474,,,,,,
8475,,,,,,
8483,,,,,,
8491,,,,,,
8501,,,,,,
8510,,,,,,
8513,,,,,,
8560,,,,,,
8571,,,,,,
8589,,,,,,
8592,,,,,,
8617,,,,,,
8626,,,,,,
8638,,,,,,
8674,,,,,,
8678,,,,,,
8759,,,,,,
8799,,,,,,
8801,,,,,,
8807,,,,,,
8885,,,,,,
8921,,,,,,
8959,,,,,,
8970,,,,,,
8971,,,,,,
9036,,,,,,
9042,,,,,,
9045,,,,,,
9051,,,,,,
9068,,,,,,
9090,,,,,,
9095,,,,,,
9107,,,,,,
9121,,,,,,
9124,,,,,,
9133,,,,,,
9186,,,,,,
9191,,,,,,
9204,,,,,,
9206,,,,,,
9213,,,,,,
9214,,,,,,
9216,,,,,,
9279,,,,,,
9322,,,,,,
9326,,,,,,
9335,,,,,,
9344,,,,,,
9346,,,,,,
9352,,,,,,
9375,,,,,,
9406,,,,,,
9481,,,,,,
9490,,,,,,
9500,,,,,,
9514,,,,,,
9595,,,,,,
9601,,,,,,
9618,,,,,,
9653,,,,,,
9670,,,,,,
9805,,,,,,
9834,,,,,,
9895,,,,,,
9912,,,,,,
9939,,,,,,
9942,,,,,,
9990,,,,,,
9993,,,,,,
9994,,,,,,
10085,,,,,,
10108,,,,,,
10187,,,,,,
10201,,,,,,
10203,,,,,,
10209,,,,,,
10217,,,,,,
10241,,,,,,
10269,,,,,,
10276,,,,,,
10288,,,,,,
10317,,,,,,
10329,,,,,,
10347,,,,,,
10374,,,,,,
10429,,,,,,
10818,,,,,,
10952,,,,,,
11026,,,,,,
11074,,,,,,
11160,,,,,,
11370,,,,,,
11644,,,,,,
11685,,,,,,
11733,,,,,,
11734,,,,,,
11872,,,,,,
11873,,,,,,
11988,,,,,,
12117,,,,,,
12160,,,,,,
12181,,,,,,
12215,,,,,,
17,,,,,,
28,,,,,,
43,,,,,,
69,,,,,,
121,,,,,,
140,,,,,,
146,,,,,,
179,,,,,,
180,,,,,,
189,,,,,,
191,,,,,,
194,,,,,,
206,,,,,,
211,,,,,,
213,,,,,,
215,,,,,,
234,,,,,,
236,,,,,,
240,,,,,,
244,,,,,,
249,,,,,,
282,,,,,,
285,,,,,,
304,,,,,,
312,,,,,,
338,,,,,,
345,,,,,,
348,,,,,,
371,,,,,,
375,,,,,,
396,,,,,,
402,,,,,,
410,,,,,,
435,,,,,,
453,,,,,,
459,,,,,,
480,,,,,,
482,,,,,,
494,,,,,,
513,,,,,,
541,,,,,,
550,,,,,,
561,,,,,,
564,,,,,,
591,,,,,,
628,,,,,,
639,,,,,,
645,,,,,,
663,,,,,,
773,,,,,,
779,,,,,,
780,,,,,,
790,,,,,,
906,,,,,,
950,,,,,,
986,,,,,,
1027,,,,,,
1070,,,,,,
1194,,,,,,
1201,,,,,,
1264,,,,,,
1275,,,,,,
1312,,,,,,
1328,,,,,,
1416,,,,,,
1420,,,,,,
1425,,,,,,
1434,,,,,,
1446,,,,,,
1461,,,,,,
1485,,,,,,
1656,,,,,,
1678,,,,,,
1700,,,,,,
1708,,,,,,
1756,,,,,,
1762,,,,,,
1781,,,,,,
1806,,,,,,
1879,,,,,,
1884,,,,,,
1909,,,,,,
1912,,,,,,
1979,,,,,,
1994,,,,,,
1995,,,,,,
2028,,,,,,
2029,,,,,,
2056,,,,,,
2062,,,,,,
2080,,,,,,
2084,,,,,,
2089,,,,,,
2099,,,,,,
2107,,,,,,
2112,,,,,,
2117,,,,,,
2120,,,,,,
2121,,,,,,
2145,,,,,,
2217,,,,,,
2218,,,,,,
2225,,,,,,
2229,,,,,,
2230,,,,,,
2289,,,,,,
2290,,,,,,
2321,,,,,,
2322,,,,,,
2394,,,,,,
2400,,,,,,
2427,,,,,,
2452,,,,,,
2472,,,,,,
2504,,,,,,
2531,,,,,,
2605,,,,,,
2609,,,,,,
2666,,,,,,
2677,,,,,,
2681,,,,,,
2719,,,,,,
2722,,,,,,
2770,,,,,,
2785,,,,,,
2827,,,,,,
2832,,,,,,
2837,,,,,,
2838,,,,,,
2841,,,,,,
2845,,,,,,
2853,,,,,,
2914,,,,,,
2943,,,,,,
2946,,,,,,
2949,,,,,,
2956,,,,,,
2957,,,,,,
2992,,,,,,
3020,,,,,,
3108,,,,,,
3120,,,,,,
3131,,,,,,
3164,,,,,,
3184,,,,,,
3198,,,,,,
3206,,,,,,
3208,,,,,,
3221,,,,,,
3224,,,,,,
3238,,,,,,
3243,,,,,,
3253,,,,,,
3261,,,,,,
3262,,,,,,
3264,,,,,,
3272,,,,,,
3284,,,,,,
3287,,,,,,
3293,,,,,,
3298,,,,,,
3300,,,,,,
3313,,,,,,
3325,,,,,,
3328,,,,,,
3336,,,,,,
3361,,,,,,
3387,,,,,,
3404,,,,,,
3407,,,,,,
3409,,,,,,
3413,,,,,,
3449,,,,,,
3463,,,,,,
3472,,,,,,
3475,,,,,,
3479,,,,,,
3496,,,,,,
3538,,,,,,
3589,,,,,,
3603,,,,,,
3643,,,,,,
3670,,,,,,
3671,,,,,,
3676,,,,,,
3706,,,,,,
3710,,,,,,
3746,,,,,,
3763,,,,,,
3807,,,,,,
3810,,,,,,
3832,,,,,,
3835,,,,,,
3837,,,,,,
3838,,,,,,
3897,,,,,,
3899,,,,,,
3915,,,,,,
3920,,,,,,
3926,,,,,,
3954,,,,,,
4054,,,,,,
4077,,,,,,
4090,,,,,,
4105,,,,,,
4108,,,,,,
4112,,,,,,
4118,,,,,,
4127,,,,,,
4147,,,,,,
4163,,,,,,
4204,,,,,,
4214,,,,,,
4222,,,,,,
4263,,,,,,
4281,,,,,,
4287,,,,,,
4330,,,,,,
4427,,,,,,
4432,,,,,,
4497,,,,,,
4533,,,,,,
4535,,,,,,
4540,,,,,,
4546,,,,,,
4556,,,,,,
4557,,,,,,
4591,,,,,,
4598,,,,,,
4624,,,,,,
4639,,,,,,
4641,,,,,,
4647,,,,,,
4649,,,,,,
4650,,,,,,
4652,,,,,,
4653,,,,,,
4658,,,,,,
4665,,,,,,
4668,,,,,,
4720,,,,,,
4726,,,,,,
4730,,,,,,
4756,,,,,,
4782,,,,,,
4803,,,,,,
4888,,,,,,
4902,,,,,,
4912,,,,,,
4920,,,,,,
4967,,,,,,
4991,,,,,,
5008,,,,,,
5016,,,,,,
5026,,,,,,
5038,,,,,,
5085,,,,,,
5086,,,,,,
5087,,,,,,
5089,,,,,,
5092,,,,,,
5093,,,,,,
5113,,,,,,
5115,,,,,,
5134,,,,,,
5157,,,,,,
5166,,,,,,
5169,,,,,,
5182,,,,,,
5229,,,,,,
5238,,,,,,
5292,,,,,,
5324,,,,,,
5330,,,,,,
5335,,,,,,
5358,,,,,,
5402,,,,,,
5408,,,,,,
5462,,,,,,
5473,,,,,,
5516,,,,,,
5546,,,,,,
5610,,,,,,
5653,,,,,,
5705,,,,,,
5707,,,,,,
5711,,,,,,
5714,,,,,,
5715,,,,,,
5716,,,,,,
5719,,,,,,
5720,,,,,,
5722,,,,,,
5724,,,,,,
5759,,,,,,
5777,,,,,,
5845,,,,,,
5856,,,,,,
5859,,,,,,
5892,,,,,,
5893,,,,,,
5902,,,,,,
5909,,,,,,
5973,,,,,,
5975,,,,,,
6007,,,,,,
6033,,,,,,
6071,,,,,,
6077,,,,,,
6090,,,,,,
6156,,,,,,
6160,,,,,,
6174,,,,,,
6184,,,,,,
6269,,,,,,
6294,,,,,,
6297,,,,,,
6351,,,,,,
6366,,,,,,
6379,,,,,,
6425,,,,,,
6477,,,,,,
6498,,,,,,
6504,,,,,,
6511,,,,,,
6518,,,,,,
6537,,,,,,
6564,,,,,,
6565,,,,,,
6587,,,,,,
6599,,,,,,
6621,,,,,,
6640,,,,,,
6651,,,,,,
6706,,,,,,
6709,,,,,,
6737,,,,,,
6785,,,,,,
6811,,,,,,
6821,,,,,,
6825,,,,,,
6840,,,,,,
6849,,,,,,
6853,,,,,,
6859,,,,,,
6917,,,,,,
6984,,,,,,
6985,,,,,,
6988,,,,,,
6989,,,,,,
6990,,,,,,
6992,,,,,,
7053,,,,,,
7065,,,,,,
7074,,,,,,
7076,,,,,,
7110,,,,,,
7117,,,,,,
7126,,,,,,
7185,,,,,,
7193,,,,,,
7195,,,,,,
7245,,,,,,
7250,,,,,,
7323,,,,,,
7326,,,,,,
7343,,,,,,
7355,,,,,,
7383,,,,,,
7436,,,,,,
7466,,,,,,
7578,,,,,,
7594,,,,,,
7774,,,,,,
7922,,,,,,
7957,,,,,,
8046,,,,,,
8056,,,,,,
8206,,,,,,
8209,,,,,,
8219,,,,,,
8270,,,,,,
8280,,,,,,
8294,,,,,,
8311,,,,,,
8313,,,,,,
8315,,,,,,
8348,,,,,,
8361,,,,,,
8427,,,,,,
8449,,,,,,
8496,,,,,,
8498,,,,,,
8502,,,,,,
8504,,,,,,
8505,,,,,,
8529,,,,,,
8530,,,,,,
8548,,,,,,
8556,,,,,,
8561,,,,,,
8569,,,,,,
8577,,,,,,
8587,,,,,,
8611,,,,,,
8628,,,,,,
8642,,,,,,
8650,,,,,,
8696,,,,,,
8702,,,,,,
8725,,,,,,
8754,,,,,,
8760,,,,,,
8788,,,,,,
8888,,,,,,
8949,,,,,,
8964,,,,,,
9002,,,,,,
9003,,,,,,
9015,,,,,,
9035,,,,,,
9055,,,,,,
9071,,,,,,
9104,,,,,,
9154,,,,,,
9161,,,,,,
9176,,,,,,
9224,,,,,,
9271,,,,,,
9314,,,,,,
9317,,,,,,
9319,,,,,,
9321,,,,,,
9329,,,,,,
9351,,,,,,
9369,,,,,,
9397,,,,,,
9499,,,,,,
9627,,,,,,
9635,,,,,,
9638,,,,,,
9642,,,,,,
9647,,,,,,
9659,,,,,,
9666,,,,,,
9668,,,,,,
9673,,,,,,
9681,,,,,,
9692,,,,,,
9696,,,,,,
9715,,,,,,
9734,,,,,,
9758,,,,,,
9762,,,,,,
9789,,,,,,
9841,,,,,,
10226,,,,,,
10229,,,,,,
10232,,,,,,
10233,,,,,,
10235,,,,,,
10309,,,,,,
10314,,,,,,
10321,,,,,,
10332,,,,,,
10358,,,,,,
10370,,,,,,
10403,,,,,,
10624,,,,,,
11147,,,,,,
11235,,,,,,
11589,,,,,,
11704,,,,,,
12051,,,,,,
158,,,,,,
181,,,,,,
212,,,,,,
248,,,,,,
267,,,,,,
324,,,,,,
486,,,,,,
537,,,,,,
740,,,,,,
774,,,,,,
801,,,,,,
988,,,,,,
1030,,,,,,
1294,,,,,,
1304,,,,,,
1329,,,,,,
1423,,,,,,
1452,,,,,,
1454,,,,,,
1488,,,,,,
1510,,,,,,
1639,,,,,,
1643,,,,,,
1939,,,,,,
1993,,,,,,
2073,,,,,,
2122,,,,,,
2139,,,,,,
2153,,,,,,
2247,,,,,,
2278,,,,,,
2302,,,,,,
2304,,,,,,
2462,,,,,,
2523,,,,,,
2555,,,,,,
2563,,,,,,
2620,,,,,,
2622,,,,,,
2625,,,,,,
2708,,,,,,
2744,,,,,,
2760,,,,,,
2833,,,,,,
2848,,,,,,
2849,,,,,,
2869,,,,,,
2917,,,,,,
2930,,,,,,
2948,,,,,,
2976,,,,,,
2984,,,,,,
3006,,,,,,
3077,,,,,,
3083,,,,,,
3102,,,,,,
3121,,,,,,
3226,,,,,,
3265,,,,,,
3269,,,,,,
3424,,,,,,
3457,,,,,,
3522,,,,,,
3543,,,,,,
3578,,,,,,
3599,,,,,,
3669,,,,,,
3841,,,,,,
3844,,,,,,
3845,,,,,,
3916,,,,,,
3956,,,,,,
3957,,,,,,
3958,,,,,,
4020,,,,,,
4096,,,,,,
4109,,,,,,
4137,,,,,,
4411,,,,,,
4451,,,,,,
4472,,,,,,
4475,,,,,,
4481,,,,,,
4532,,,,,,
4555,,,,,,
4622,,,,,,
4719,,,,,,
4734,,,,,,
4813,,,,,,
4818,,,,,,
4874,,,,,,
5206,,,,,,
5208,,,,,,
5299,,,,,,
5307,,,,,,
5316,,,,,,
5403,,,,,,
5411,,,,,,
5438,,,,,,
5730,,,,,,
5867,,,,,,
5903,,,,,,
5926,,,,,,
5935,,,,,,
6065,,,,,,
6092,,,,,,
6129,,,,,,
6144,,,,,,
6173,,,,,,
6312,,,,,,
6444,,,,,,
6499,,,,,,
6526,,,,,,
6548,,,,,,
6549,,,,,,
6650,,,,,,
6715,,,,,,
6881,,,,,,
6966,,,,,,
6991,,,,,,
7016,,,,,,
7046,,,,,,
7082,,,,,,
7093,,,,,,
7094,,,,,,
7096,,,,,,
7157,,,,,,
7194,,,,,,
7210,,,,,,
7309,,,,,,
7348,,,,,,
7353,,,,,,
7583,,,,,,
7589,,,,,,
7819,,,,,,
7829,,,,,,
7935,,,,,,
8023,,,,,,
8032,,,,,,
8036,,,,,,
8039,,,,,,
8054,,,,,,
8278,,,,,,
8318,,,,,,
8321,,,,,,
8388,,,,,,
8394,,,,,,
8397,,,,,,
8458,,,,,,
8460,,,,,,
8546,,,,,,
8566,,,,,,
8581,,,,,,
8621,,,,,,
8727,,,,,,
8875,,,,,,
8972,,,,,,
9021,,,,,,
9024,,,,,,
9157,,,,,,
9159,,,,,,
9163,,,,,,
9262,,,,,,
9310,,,,,,
9313,,,,,,
9654,,,,,,
9667,,,,,,
9671,,,,,,
9674,,,,,,
9677,,,,,,
9684,,,,,,
9687,,,,,,
9688,,,,,,
9748,,,,,,
9764,,,,,,
9768,,,,,,
9782,,,,,,
9810,,,,,,
9874,,,,,,
10016,,,,,,
10113,,,,,,
10185,,,,,,
10313,,,,,,
10322,,,,,,
10324,,,,,,
10328,,,,,,
10333,,,,,,
10352,,,,,,
10602,,,,,,
11012,,,,,,
11597,,,,,,
12072,,,,,,
12183,,,,,,
12670,,,,,,
123,,,,,,
943,,,,,,
995,,,,,,
1063,,,,,,
1279,,,,,,
1426,,,,,,
1797,,,,,,
1900,,,,,,
1918,,,,,,
6601,,,,,,
8960,,,,,,
9920,,,,,,
10567,,,,,,
11124,,,,,,
12614,,,,,,
14673,,,,,,
3133,,,,,,
3143,,,,,,
3188,,,,,,
3905,,,,,,
4564,,,,,,
5483,,,,,,
6473,,,,,,
6658,,,,,,
7140,,,,,,
7270,,,,,,
8481,,,,,,
9379,,,,,,
10248,,,,,,
10506,,,,,,
11245,,,,,,
11973,,,,,,
12124,,,,,,
13298,,,,,,
13715,,,,,,
13742,,,,,,
13825,,,,,,
13862,,,,,,
14538,,,,,,
14732,,,,,,
15161,,,,,,
15220,,,,,,
15455,,,,,,
15690,,,,,,
49,,,,,,
74,,,,,,
103,,,,,,
113,,,,,,
188,,,,,,
313,,,,,,
377,,,,,,
401,,,,,,
518,,,,,,
579,,,,,,
679,,,,,,
681,,,,,,
710,,,,,,
765,,,,,,
1135,,,,,,
1244,,,,,,
1379,,,,,,
1395,,,,,,
1464,,,,,,
1516,,,,,,
1522,,,,,,
1684,,,,,,
1697,,,,,,
1791,,,,,,
1802,,,,,,
1878,,,,,,
1953,,,,,,
2187,,,,,,
2221,,,,,,
2359,,,,,,
2408,,,,,,
2430,,,,,,
2458,,,,,,
2572,,,,,,
2592,,,,,,
2634,,,,,,
2690,,,,,,
2691,,,,,,
2856,,,,,,
2859,,,,,,
2864,,,,,,
2872,,,,,,
2878,,,,,,
2955,,,,,,
2964,,,,,,
2965,,,,,,
3069,,,,,,
3182,,,,,,
3211,,,,,,
3347,,,,,,
3369,,,,,,
3418,,,,,,
3443,,,,,,
3461,,,,,,
3464,,,,,,
3491,,,,,,
3530,,,,,,
3536,,,,,,
3634,,,,,,
3712,,,,,,
3755,,,,,,
3759,,,,,,
3772,,,,,,
3786,,,,,,
3822,,,,,,
3964,,,,,,
4023,,,,,,
4047,,,,,,
4196,,,,,,
4325,,,,,,
4354,,,,,,
4355,,,,,,
4400,,,,,,
4420,,,,,,
4515,,,,,,
4575,,,,,,
4702,,,,,,
4775,,,,,,
4975,,,,,,
5013,,,,,,
5030,,,,,,
5084,,,,,,
5114,,,,,,
5190,,,,,,
5192,,,,,,
5279,,,,,,
5303,,,,,,
5359,,,,,,
5446,,,,,,
5482,,,,,,
5570,,,,,,
5729,,,,,,
5750,,,,,,
5754,,,,,,
5760,,,,,,
5869,,,,,,
5877,,,,,,
5917,,,,,,
5967,,,,,,
5977,,,,,,
6165,,,,,,
6289,,,,,,
6338,,,,,,
6357,,,,,,
6481,,,,,,
6538,,,,,,
6559,,,,,,
6598,,,,,,
6620,,,,,,
6670,,,,,,
6683,,,,,,
6704,,,,,,
6799,,,,,,
6850,,,,,,
6879,,,,,,
7038,,,,,,
7060,,,,,,
7116,,,,,,
7150,,,,,,
7397,,,,,,
7479,,,,,,
7480,,,,,,
7532,,,,,,
7572,,,,,,
7616,,,,,,
7653,,,,,,
7739,,,,,,
7908,,,,,,
7932,,,,,,
7993,,,,,,
8090,,,,,,
8192,,,,,,
8212,,,,,,
8299,,,,,,
8373,,,,,,
8495,,,,,,
8563,,,,,,
8658,,,,,,
9061,,,,,,
9093,,,,,,
9134,,,,,,
9253,,,,,,
9295,,,,,,
9345,,,,,,
9386,,,,,,
9394,,,,,,
9456,,,,,,
9534,,,,,,
9541,,,,,,
9569,,,,,,
9682,,,,,,
10101,,,,,,
10114,,,,,,
10147,,,,,,
10196,,,,,,
10303,,,,,,
10815,,,,,,
10939,,,,,,
11620,,,,,,
11844,,,,,,
12237,,,,,,
12265,,,,,,
12294,,,,,,
12301,,,,,,
12311,,,,,,
12332,,,,,,
12343,,,,,,
12953,,,,,,
209,,,,,,
424,,,,,,
10310,,,,,,
254,,,,,,
5630,,,,,,
989,,,,,,
7211,,,,,,
2090,,,,,,
14,,,,,,
6611,,,,,,
12134,,,,,,
11767,,,,,,
8719,,,,,,
998,,,,,,
